order_id,customer_id,order_date,status,region
O1001,C001,2025-06-01,COMPLETED,West
O1002,C002,2025-06-03,COMPLETED,West
O1003,C003,2025-06-08,COMPLETED,Central
O1004,C004,2025-06-12,COMPLETED,North
O1005,C005,2025-06-15,CANCELLED,South
O1006,C006,2025-06-20,COMPLETED,North
O1007,C007,2025-07-02,COMPLETED,South
O1008,C008,2025-07-05,COMPLETED,South
O1009,C001,2025-07-09,COMPLETED,West
O1010,C003,2025-07-14,COMPLETED,Central
O1011,C004,2025-07-18,COMPLETED,North
O1012,C005,2025-07-22,COMPLETED,South
