order_item_id,order_id,product_id,quantity,unit_price
OI001,O1001,P001,2,799
OI002,O1001,P005,1,1299
OI003,O1002,P002,1,2499
OI004,O1002,P003,2,1599
OI005,O1003,P004,1,18999
OI006,O1003,P001,1,799
OI007,O1004,P006,1,5999
OI008,O1004,P007,1,3499
OI009,O1005,P008,2,2999
OI010,O1006,P005,2,1299
OI011,O1007,P006,1,5999
OI012,O1007,P008,1,2999
OI013,O1008,P003,1,1599
OI014,O1008,P007,2,3499
OI015,O1009,P002,1,2499
OI016,O1009,P001,3,799
OI017,O1010,P004,1,18999
OI018,O1011,P006,2,5999
OI019,O1012,P008,1,2999
OI020,O1012,P005,2,1299
